timestamp,hive_id,temperature,humidity,weight,acoustic_activity,bee_activity,image_path,season,weather,queen_observation,brood_observation,inspection_result,health_score,risk_level,disease_concern,action_taken,recovery_status,honey_yield
2026-09-01 08:00:00,H001,34.8,55.2,42.5,236.0,65,/images/h001_01.jpg,post_monsoon,clear,normal,solid,normal,94.0,LOW,none,none,stable,24.5
2026-09-01 12:00:00,H001,35.0,56.0,42.7,238.0,72,/images/h001_02.jpg,post_monsoon,sunny,normal,solid,normal,93.5,LOW,none,none,stable,24.5
2026-09-01 16:00:00,H001,35.1,55.8,42.9,235.0,68,/images/h001_03.jpg,post_monsoon,sunny,normal,solid,normal,94.0,LOW,none,none,stable,24.5
2026-09-02 08:00:00,H002,34.9,58.0,41.8,240.0,56,/images/h002_01.jpg,post_monsoon,clear,normal,solid,normal,88.0,LOW,none,none,stable,22.0
2026-09-02 12:00:00,H002,35.2,57.5,42.0,242.0,60,/images/h002_02.jpg,post_monsoon,clear,normal,solid,normal,87.5,LOW,none,none,stable,22.0
2026-09-03 08:00:00,H003,36.2,74.5,40.8,268.0,38,/images/h003_01.jpg,post_monsoon,cloudy,normal,moderate,dampness,72.0,MEDIUM,condensation,none,declining,18.5
2026-09-03 12:00:00,H003,36.5,77.0,40.6,275.0,32,/images/h003_02.jpg,post_monsoon,cloudy,normal,moderate,dampness,68.0,MEDIUM,condensation,none,declining,18.0
2026-09-04 08:00:00,H004,38.2,82.0,38.5,338.0,15,/images/h004_01.jpg,post_monsoon,rainy,irregular,spotty,high_stress,48.0,HIGH,thermal_stress,none,declining,12.0
2026-09-04 12:00:00,H004,38.7,84.5,37.9,350.0,10,/images/h004_02.jpg,post_monsoon,rainy,irregular,spotty,high_stress,45.0,HIGH,thermal_stress,none,declining,11.5
2026-09-05 08:00:00,H005,35.8,68.0,39.5,252.0,42,/images/h005_01.jpg,post_monsoon,clear,normal,improving,post_action,74.0,LOW,none,ventilation_adjusted,recovering,20.0
2026-09-05 12:00:00,H005,35.2,63.0,39.8,242.0,48,/images/h005_02.jpg,post_monsoon,clear,normal,improving,post_action,78.0,LOW,none,ventilation_adjusted,recovering,20.5
